<!-- Modify it at your will. -->
<group name="misp,">
  <rule id="100620" level="10">
    <field name="integration">misp</field>
    <match>misp</match>
    <description>MISP Events</description>
    <options>no_full_log</options>
  </rule>
  <rule id="100621" level="5">
    <if_sid>100620</if_sid>
    <field name="misp.error">\.+</field>
    <description>MISP - Error connecting to API</description>
    <options>no_full_log</options>
    <group>misp_error,</group>
  </rule>
  <rule id="100622" level="12">
    <field name="misp.category">\.+</field>
    <description>MISP - IoC found in Threat Intel - Category: $(misp.category), Attribute: $(misp.value)</description>
    <options>no_full_log</options>
    <group>misp_alert,</group>
  </rule>
</group>